Accession,Geo_Location,Collection_Date
NC_045512,China,2019-12
MT444148,USA: CA,2020-03-11
MT444540,USA,2020-03-31
MT444619,USA,2020-04-14
MT444624,USA,2020-04-15
MT444625,USA,2020-04-15
MT444626,USA,2020-04-15
MT444633,USA,2020-04-14
MT444635,USA,2020-04-15
MT446312,"China: Guangdong, Guangzhou",2020-02-05
MT446339,"USA: MARINGOUIN, LA",2020-04-06
MT446342,"USA: SAINT ROSE, LA",2020-04-08
MT446343,"USA: New Orleans, LA",2020-04-04
MT446344,"USA: LOCKPORT, LA",2020-04-04
MT446345,"USA: NEW ORLEANS, LA",2020-04-04
MT446346,"USA: LULING, LA",2020-04-07
MT446347,"USA: RACELAND, LA",2020-04-06
MT446348,"USA: New Orleans, LA",2020-04-06
MT446349,"USA: KENNER, LA",2020-04-04
MT446350,"USA: New Orleans, LA",2020-04-06
MT446352,"USA: GHEENS, LA",2020-04-06
MT446353,"USA: THIBODAUX,LA",2020-04-06
MT446354,"USA: MARINGOUIN, LA",2020-04-08
MT446356,"USA: Lacombe, LA",2020-04-03
MT446357,"USA: HOUMA, LA",2020-04-06
MT446358,"USA: RACELAND, LA",2020-04-06
MT446359,"USA: SLIDELL, LA",2020-04-05
MT447154,Thailand,2020-02-01
MT447155,Thailand,2020-01-08
MT447156,Thailand,2020-01-23
MT447157,Thailand,2020-01-25
MT447158,Thailand,2020-01-25
MT447159,Thailand,2020-01-26
MT447161,Thailand,2020-02-03
MT447162,Thailand,2020-02-07
MT447163,Thailand,2020-02-22
MT447165,Thailand,2020-02-25
MT447166,Thailand,2020-01-23
MT447169,Thailand,2020-03-12
MT447171,Thailand,2020-03-16
MT447172,Thailand,2020-03-18
MT447173,Thailand,2020-03-18
MT447174,Thailand,2020-03-01
MT447175,Thailand,2020-03-19
MT447176,Thailand,2020-03-20
MT447177,Iran,2020-03-26
MT438718,USA: CA,2020-04-22
MT438719,USA: CA,2020-04-22
MT438720,USA: CA,2020-04-22
MT438721,USA: CA,2020-04-22
MT438722,USA: CA,2020-04-22
MT438723,USA: CA,2020-04-22
MT438724,USA: CA,2020-04-22
MT438725,USA: CA,2020-04-22
MT438727,USA: CA,2020-04-22
MT438728,USA: CA,2020-04-22
MT438729,USA: CA,2020-04-22
MT438730,USA: CA,2020-04-22
MT438731,USA: CA,2020-04-22
MT438732,USA: CA,2020-04-22
MT438734,USA: CA,2020-04-22
MT438735,USA: CA,2020-04-22
MT438736,USA: CA,2020-04-22
MT438737,USA: CA,2020-04-22
MT438738,USA: CA,2020-04-22
MT438739,USA: CA,2020-04-22
MT438740,USA: CA,2020-04-22
MT438741,USA: CA,2020-04-22
MT438742,USA: CA,2020-04-22
MT438743,USA: CA,2020-04-22
MT438744,USA: CA,2020-04-22
MT438746,USA: CA,2020-04-22
MT438747,USA: CA,2020-04-22
MT438748,USA: CA,2020-04-22
MT438749,USA: CA,2020-04-22
MT438750,USA: CA,2020-04-22
MT438751,USA: CA,2020-04-22
MT438752,USA: CA,2020-04-22
MT438753,USA: CA,2020-04-22
MT438754,USA: CA,2020-04-22
MT438755,USA: CA,2020-04-22
MT438756,USA: CA,2020-04-22
MT438757,USA: CA,2020-04-22
MT438758,USA: CA,2020-04-22
MT438759,USA: CA,2020-04-22
MT438760,USA: CA,2020-04-22
MT439233,USA: MI,2020-03-10
MT439234,USA: MI,2020-03-11
MT439237,USA: MI,2020-03-12
MT439239,USA: MI,2020-03-12
MT439242,USA: MI,2020-03-14
MT439244,USA: MI,2020-03-13
MT439245,USA: MI,2020-03-13
MT439247,USA: MI,2020-03-16
MT439249,USA: MI,2020-03-17
MT439250,USA: MI,2020-03-17
MT439251,USA: MI,2020-03-19
MT439252,USA: MI,2020-03-18
MT439253,USA: MI,2020-03-17
MT439254,USA: MI,2020-03-18
MT439256,USA: MI,2020-03-19
MT439258,USA: MI,2020-03-16
MT439260,USA: MI,2020-03-21
MT439261,USA: MI,2020-03-23
MT439262,USA: MI,2020-03-23
MT439263,USA: MI,2020-03-20
MT439265,USA: MI,2020-03-18
MT439267,USA: MI,2020-03-23
MT439268,USA: MI,2020-03-22
MT439270,USA: MI,2020-03-23
MT439271,USA: MI,2020-03-22
MT439273,USA: MI,2020-03-24
MT439279,USA: MI,2020-03-24
MT439280,USA: MI,2020-03-23
MT439282,USA: MI,2020-03-22
MT439283,USA: MI,2020-03-24
MT439284,USA: MI,2020-03-24
MT439287,USA: MI,2020-03-24
MT439288,USA: MI,2020-03-25
MT439289,USA: MI,2020-03-25
MT439290,USA: MI,2020-03-25
MT439291,USA: MI,2020-03-25
MT439292,USA: MI,2020-03-25
MT439293,USA: MI,2020-03-24
MT439295,USA: MI,2020-03-26
MT439296,USA: MI,2020-03-24
MT439297,USA: MI,2020-03-24
MT439300,USA: MI,2020-03-26
MT439302,USA: MI,2020-03-25
MT439303,USA: MI,2020-03-26
MT439307,USA: MI,2020-03-27
MT439310,USA: MI,2020-03-27
MT439311,USA: MI,2020-03-27
MT439312,USA: MI,2020-03-27
MT439314,USA: MI,2020-03-27
MT439315,USA: MI,2020-03-27
MT439316,USA: MI,2020-03-27
MT439317,USA: MI,2020-03-26
MT439318,USA: MI,2020-03-27
MT434782,USA: NY,2020-03-05
MT434783,USA: NY,2020-03-09
MT434784,USA: NY,2020-03-09
MT434785,USA: NY,2020-03-17
MT434786,USA: NY,2020-03-04
MT434787,USA: NY,2020-03-09
MT434788,USA: NY,2020-03-09
MT434789,USA: NY,2020-03-09
MT434790,USA: NY,2020-03-17
MT434791,USA: NY,2020-03-17
MT434792,USA: NY,2020-03-17
MT434793,USA: NY,2020-03-09
MT434794,USA: NY,2020-03-08
MT434795,USA: NY,2020-03-09
MT434796,USA: NY,2020-03-09
MT434797,USA: NY,2020-03-17
MT434798,USA: NY,2020-03-09
MT434799,USA: NY,2020-03-09
MT434800,USA: NY,2020-03-09
MT434801,USA: NY,2020-03-09
MT434802,USA: NY,2020-03-13
MT434803,USA: NY,2020-03-17
MT434804,USA: NY,2020-03-17
MT434805,USA: NY,2020-03-10
MT434806,USA: NY,2020-03-10
MT434807,USA: NY,2020-03-09
MT434808,USA: NY,2020-03-19
MT434809,USA: NY,2020-03-19
MT434810,USA: NY,2020-03-18
MT434811,USA: NY,2020-03-17
MT434812,USA: NY,2020-03-19
MT434813,USA: NY,2020-03-02
MT434814,USA: NY,2020-03-09
MT434815,USA: NY,2020-03-09
MT434816,USA: NY,2020-03-08
MT434817,USA: NY,2020-03-19
MT435079,India: Ahmedabad,2020-04-13
MT435080,India: Ahmedabad,2020-04-13
MT435081,India: Ahmedabad,2020-04-13
MT435082,India: Ahmedabad,2020-04-13
MT435083,India: Ahmedabad,2020-04-07
MT435084,India: Ahmedabad,2020-04-14
MT435085,India: Gandhinagar,2020-04-22
MT435086,India: Mansa,2020-04-21
MT365028,Hong Kong,2020-01-24
MT365029,Hong Kong,2020-01-30
MT365030,Hong Kong,2020-01-31
MT365031,Hong Kong,2020-02-02
MT365032,Hong Kong,2020-01-30
MT428551,Kazakhstan,2020-03-20
MT428552,Kazakhstan,2020-03-20
MT428553,Kazakhstan,2020-03-20
MT428554,Kazakhstan,2020-03-20
MT429183,USA: Wisconsin,2020-03-26
MT429184,USA: Wisconsin,2020-04-10
MT429185,USA: Wisconsin,2020-04-08
MT429186,USA: Wisconsin,2020-04-12
MT429187,USA: Wisconsin,2020-04-08
MT429188,USA: Wisconsin,2020-04-07
MT429189,USA: Wisconsin,2020-04-08
MT429190,USA: Wisconsin,2020-04-06
MT429191,USA: Wisconsin,2020-04-06
MT432195,"USA: East Feliciana Parish, Louisiana",2020-04-09
MT318827,,2020-03-19
MT422806,USA: FL,2020-03-27
MT422807,USA: FL,2020-03-27
MT215194,Hong Kong,2020-02-24
MT215195,Hong Kong,2020-02-25
MT270814,Hong Kong,2020-03-18
MT270815,Hong Kong,2020-03-16
MT276600,Hong Kong,2020-03-08
MT418880,USA: VA,2020-04
MT418881,USA: VA,2020-04
MT418882,USA: VA,2020-04
MT418883,USA: VA,2020-04
MT418884,USA: VA,2020-04
MT418885,USA: VA,2020-04
MT418886,USA: VA,2020-04
MT418887,USA: VA,2020-04
MT418888,USA: VA,2020-04
MT418889,USA: VA,2020-04
MT418890,USA: VA,2020-04
MT418891,USA: VA,2020-04
MT418892,USA: VA,2020-04
MT419810,Puerto Rico,2020-03-23
MT419812,Puerto Rico,2020-03-23
MT419814,Puerto Rico,2020-03-23
MT419815,Puerto Rico,2020-03-24
MT419816,Puerto Rico,2020-03-24
MT419818,Puerto Rico,2020-03-23
MT419820,Puerto Rico,2020-03-24
MT419829,USA: CA,2020-02-28
MT419830,USA: CA,2020-02-27
MT419831,USA: CA,2020-02-27
MT419832,USA: CA,2020-02-27
MT419834,USA: CA,2020-03-05
MT419835,USA: CA,2020-03-05
MT419836,USA: CA,2020-03-05
MT419837,USA: CA,2020-03-05
MT419839,USA: CA,2020-03-05
MT419841,USA: CA,2020-02-29
MT419842,USA: CA,2020-03-04
MT419846,USA: CA,2020-03-04
MT419847,USA: CA,2020-03-03
MT419851,USA: CA,2020-03-13
MT419853,USA: CA,2020-03-14
MT419854,USA: CA,2020-03-02
MT419860,USA: CA,2020-03-20
MT412134,China,2020-02-24
MT412155,USA: Michigan,2020-03-17
MT412170,USA: Michigan,2020-03-19
MT412173,USA: Michigan,2020-03-20
MT412176,USA: Michigan,2020-03-16
MT412177,USA: Michigan,2020-03-20
MT412178,USA: Michigan,2020-03-20
MT412226,USA: WA,2020-04-01
MT412227,USA: WA,2020-04-02
MT412228,USA: WA,2020-04-02
MT412229,USA: WA,2020-04-01
MT412230,USA: WA,2020-04-01
MT412233,USA,2020-03-13
MT412234,USA: WA,2020-03-13
MT412235,USA: WA,2020-03-13
MT412236,USA: WA,2020-03-12
MT412237,USA: WA,2020-03-12
MT412238,USA: WA,2020-03-12
MT412239,USA,2020-03-10
MT412240,USA: WA,2020-03-12
MT412241,USA: WA,2020-03-12
MT412242,USA,2020-03-11
MT412243,USA,2020
MT412244,USA: WA,2020-03-12
MT412245,USA,2020-03-11
MT412246,USA: WA,2020-03-11
MT412247,USA: WA,2020-03-12
MT412248,USA: WA,2020-03-12
MT412249,USA: WA,2020-03-12
MT412250,USA: WA,2020-03-12
MT412251,USA: WA,2020-03-12
MT412252,USA: WA,2020-03-11
MT412253,USA: WA,2020-03-11
MT412254,USA,2020-04-02
MT412255,USA: WA,2020-04-02
MT412256,USA: WA,2020-04-01
MT412257,USA: WA,2020-04-02
MT412258,USA: WA,2020-04-05
MT412259,USA: WA,2020-04-05
MT412261,USA: WA,2020-04-05
MT412262,USA: WA,2020-04-05
MT412263,USA: WA,2020-04-05
MT412264,USA: CT,2020-04-07
MT412267,USA,2020-04-08
MT412268,USA: WA,2020-04-08
MT412269,USA: WA,2020-04-08
MT412271,USA: WA,2020-04-06
MT412272,USA: WA,2020-04-06
MT412273,USA,2020-04-07
MT412274,USA: CT,2020-04-04
MT412275,USA: WA,2020-04-06
MT412276,USA: CT,2020-04-05
MT412277,USA: WA,2020-04-07
MT412278,USA: CT,2020-04-06
MT412279,USA: CT,2020-04-05
MT412280,USA: CT,2020-04-05
MT412281,USA,2020-04-07
MT412283,USA: CT,2020-04-04
MT412284,USA: CT,2020-04-04
MT412285,USA: WA,2020-04-07
MT412286,USA: WA,2020-04-07
MT412287,USA: WA,2020-04-07
MT412288,USA: WA,2020-04-07
MT412289,USA: WA,2020-04-07
MT412290,USA: WA,2020-04-01
MT412291,USA: WA,2020-04-01
MT412292,USA: WA,2020-04-01
MT412293,USA: WA,2020-04-01
MT412294,USA: WA,2020-04-01
MT412295,USA: WA,2020-03-31
MT412296,USA: WA,2020-04-01
MT412297,USA: ID,2020-03-30
MT412298,USA: WA,2020-03-31
MT412299,USA: ID,2020-03-31
MT412300,USA: WA,2020-03-30
MT412301,USA: CT,2020-03-30
MT412302,USA: CT,2020-03-30
MT412303,USA: CT,2020-03-30
MT412304,USA: ID,2020-03-27
MT412305,USA: ID,2020-03-29
MT412306,USA: ID,2020-03-29
MT412307,USA: OR,2020-03-29
MT412308,USA: WA,2020-03-31
MT412309,USA: ID,2020-03-28
MT412310,USA: WA,2020-04-01
MT412311,USA: WA,2020-04-01
MT412312,USA: WA,2020-04-01
MT412313,USA: WA,2020-04-01
MT412314,USA: WA,2020-04-01
MT412316,USA: WA,2020-04-02
MT412317,USA: CT,2020-04-01
MT412318,USA: CT,2020-04-01
MT412319,USA: CT,2020-04-01
MT412321,USA: WA,2020-04-02
MT412322,USA: CT,2020-04-01
MT412323,USA: WA,2020-04-02
MT412324,USA: WA,2020-04-02
MT412325,USA: WA,2020-04-01
MT412326,USA: WA,2020-04-02
MT412327,USA: ID,2020-04-01
MT412328,USA: CT,2020-04-02
MT412329,USA: CT,2020-04-01
MT412330,USA: CT,2020-04-01
MT412331,USA: WA,2020-04-03
MT412332,USA: WA,2020-04-03
MT412333,USA: WA,2020-04-03
MT412334,USA: WA,2020-04-03
MT412336,USA: WA,2020-04-03
MT412337,USA: WA,2020-04-03
MT415320,India,2020-03-01
MT415321,India,2020-03-11
MT415322,India,2020-03-16
MT415323,India,2020-03-20
MT415894,USA: VA,2020-03
MT415895,USA: VA,2020-03
MT415896,USA: VA,2020-03
MT415897,USA: VA,2020-03
MT415898,USA: VA,2020-03
MT415899,USA: VA,2020-03
MT415900,USA: VA,2020-03
MT415901,USA: VA,2020-04
MT415902,USA: VA,2020-03
MT415903,USA: VA,2020-03
MT415904,USA: VA,2020-04
MT415905,USA: VA,2020-04
MT415906,USA: VA,2020-03
MT415907,USA: VA,2020-04
MT415908,USA: VA,2020-04
MT415909,USA: VA,2020-04
MT415910,USA: VA,2020-04
MT415911,USA: VA,2020-04
MT415912,USA: VA,2020-04
MT394528,USA: CA,2020-03-24
MT394529,USA: CA,2020-03-24
MT394530,USA: CA,2020-03-31
MT394531,USA: CA,2020-03-31
MT396241,China,2020-03-06
MT396266,Netherlands: Milheeze,2020-04-24
MT380728,USA,2020-03-29
MT380729,USA,2020-03-31
MT380730,USA,2020-04-01
MT380731,USA,2020-03-20
MT380732,USA,2020-03-22
MT380733,USA,2020-03-28
MT380734,USA,2020-03-23
MT385414,USA: CA,2020-03-28
MT385415,USA: CA,2020-03-28
MT385416,USA: CA,2020-04-08
MT385417,USA: CA,2020-04-08
MT385418,USA: CA,2020-03-23
MT385419,USA: CA,2020-04-08
MT385420,USA: CA,2020-03-28
MT385421,USA: CA,2020-03-25
MT385422,USA: CA,2020-03-28
MT385423,USA: CA,2020-03-28
MT385424,USA: CA,2020-03-28
MT385425,USA: CA,2020-03-25
MT385426,USA: CA,2020-03-28
MT385427,USA: CA,2020-04-08
MT385428,USA: CA,2020-03-28
MT385429,USA: CA,2020-03-28
MT385430,USA: CA,2020-03-28
MT385431,USA: CA,2020-03-18
MT385432,USA: CA,2020-03-28
MT385433,USA: CA,2020-04-08
MT385434,USA: CA,2020-03-28
MT385435,USA: CA,2020-04-08
MT385436,USA: CA,2020-03-25
MT385437,USA: CA,2020-03-28
MT385438,USA: CA,2020-04-08
MT385439,USA: CA,2020-03-28
MT385440,USA: CA,2020-03-23
MT385441,USA: CA,2020-03-25
MT385442,USA: CA,2020-04-03
MT385443,USA: CA,2020-03-28
MT385444,USA: CA,2020-03-31
MT385445,USA: CA,2020-03-25
MT385446,USA: CA,2020-03-23
MT385447,USA: CA,2020-03-31
MT385448,USA: CA,2020-03-23
MT385449,USA: CA,2020-03-31
MT385450,USA: CA,2020-03-31
MT385451,USA: CA,2020-04-08
MT385452,USA: CA,2020-04-03
MT385453,USA: CA,2020-03-28
MT385454,USA: CA,2020-03-28
MT385455,USA: CA,2020-04-08
MT385456,USA: CA,2020-03-28
MT385457,USA: CA,2020-03-28
MT385458,USA: CA,2020-03-23
MT385459,USA: CA,2020-03-25
MT385460,USA: CA,2020-03-28
MT385461,USA: CA,2020-03-25
MT385462,USA: CA,2020-03-23
MT385463,USA: CA,2020-03-25
MT385464,USA: CA,2020-03-23
MT385465,USA: CA,2020-03-28
MT385466,USA: CA,2020-03-23
MT385467,USA: CA,2020-04-08
MT385468,USA: CA,2020-04-08
MT385469,USA: CA,2020-03-25
MT385470,USA: CA,2020-04-08
MT385471,USA: CA,2020-04-08
MT385472,USA: CA,2020-03-25
MT385473,USA: CA,2020-03-28
MT385474,USA: CA,2020-03-28
MT385475,USA: CA,2020-04-03
MT385476,USA: CA,2020-03-23
MT385477,USA: CA,2020-04-08
MT385478,USA: CA,2020-04-08
MT385479,USA: CA,2020-03-31
MT385482,USA: CA,2020-03-28
MT385485,USA: CA,2020-04-08
MT186683,Hong Kong,2020-01
MT252677,USA: WA,2020-03-10
MT252678,USA: WA,2020-03-10
MT252679,USA: WA,2020-03-10
MT252680,USA: WA,2020-03-10
MT252681,USA: WA,2020-03-10
MT252682,USA: WA,2020-03-10
MT252683,USA: WA,2020-03-10
MT252684,USA: WA,2020-03-10
MT252685,USA: WA,2020-03-10
MT252686,USA: WA,2020-03-10
MT252687,USA: WA,2020-03-10
MT252688,USA: WA,2020-03-10
MT252689,USA: WA,2020-03-10
MT252690,USA: WA,2020-03-10
MT252691,USA: WA,2020-03-11
MT252693,USA: WA,2020-03-11
MT252694,USA: WA,2020-03-10
MT252695,USA: WA,2020-03-10
MT252696,USA: WA,2020-03-13
MT252697,USA: WA,2020-03-13
MT252698,USA: WA,2020-03-13
MT252699,USA: WA,2020-03-13
MT252700,USA: WA,2020-03-13
MT252701,USA: WA,2020-03-12
MT252702,USA: WA,2020-03-13
MT252703,USA: WA,2020-03-13
MT252704,USA: WA,2020-03-13
MT252705,USA: WA,2020-03-13
MT252706,USA: WA,2020-03-13
MT252707,USA: WA,2020-03-13
MT252708,USA: WA,2020-03-13
MT252709,USA: WA,2020-03-14
MT252710,USA: WA,2020-03-14
MT252712,USA: WA,2020-03-14
MT252713,USA: WA,2020-03-15
MT252715,USA: WA,2020-03-14
MT252716,USA: WA,2020-03-14
MT252717,USA: WA,2020-03-14
MT252719,USA: WA,2020-03-15
MT252721,USA: WA,2020-03-13
MT252723,USA: WA,2020-03-13
MT252725,USA: WA,2020-03-13
MT252726,USA: WA,2020-03-12
MT252728,USA: WA,2020-03-13
MT252729,USA: WA,2020-03-13
MT252730,USA: WA,2020-03-13
MT252733,USA: WA,2020-03-13
MT252735,USA: WA,2020-03-14
MT252736,USA: WA,2020-03-14
MT252737,USA: WA,2020-03-14
MT252738,USA: WA,2020-03-15
MT252739,USA: WA,2020-03-15
MT252740,USA: WA,2020-03-14
MT252741,USA: WA,2020-03-12
MT252742,USA: WA,2020-03-12
MT252745,USA: WA,2020-03-12
MT252746,USA: WA,2020-03-12
MT252747,USA: WA,2020-03-12
MT252748,USA: WA,2020-03-11
MT252749,USA: WA,2020-03-11
MT252756,USA: WA,2020-03-11
MT252757,USA: WA,2020-03-11
MT252758,USA: WA,2020-03-11
MT252761,USA: WA,2020-03-12
MT252763,USA: WA,2020-03-12
MT252764,USA: WA,2020-03-12
MT252767,USA: WA,2020-03-11
MT252768,USA: WA,2020-03-11
MT252769,USA: WA,2020-03-11
MT252770,USA: WA,2020-03-11
MT252772,USA: WA,2020-03-11
MT252773,USA: WA,2020-03-11
MT252774,USA: WA,2020-03-11
MT252775,USA: WA,2020-03-11
MT252778,USA: WA,2020-03-11
MT252779,USA: WA,2020-03-11
MT252780,USA: WA,2020-03-11
MT252781,USA: WA,2020-03-11
MT252782,USA: WA,2020-03-11
MT252783,USA: WA,2020-03-11
MT252784,USA: WA,2020-03-11
MT252785,USA: WA,2020-03-11
MT252787,USA: WA,2020-03-09
MT252788,USA: WA,2020-03-09
MT252792,USA: WA,2020-03-10
MT252793,USA: WA,2020-03-09
MT252794,USA: WA,2020-03-10
MT252795,USA: WA,2020-03-10
MT252797,USA: WA,2020-03-10
MT252798,USA: WA,2020-03-10
MT252799,USA: WA,2020-03-09
MT252800,USA: WA,2020-03-10
MT252801,USA: WA,2020-03-05
MT252802,USA: WA,2020-03-08
MT252803,USA: WA,2020-03-09
MT252804,USA: WA,2020-03-08
MT252805,USA: WA,2020-03-08
MT252806,USA: WA,2020-03-09
MT252807,USA: WA,2020-03-09
MT252809,USA: WA,2020-03-09
MT252810,USA: WA,2020-03-08
MT252811,USA: WA,2020-03-08
MT252822,USA: WA,2020-03-06
MT252823,USA: WA,2020-03-07
MT339043,USA: VA,2020-03
MT365033,USA: New York,2020-04-02
MT374101,Taiwan,2020-02-04
MT374102,Taiwan,2020-03-05
MT374103,Taiwan,2020-03-09
MT374104,Taiwan,2020-03-10
MT374105,Taiwan,2020-03-13
MT374106,Taiwan,2020-03-13
MT374107,Taiwan,2020-03-14
MT374108,Taiwan,2020-03-14
MT374109,Taiwan,2020-03-17
MT374110,Taiwan,2020-03-17
MT374111,Taiwan,2020-03-17
MT374112,Taiwan,2020-03-16
MT374113,Taiwan,2020-03-17
MT374114,Taiwan,2020-03-18
MT374115,Taiwan,2020-03-18
MT374116,Taiwan,2020-03-18
MT375428,USA: WA,2020-03-29
MT375429,USA: ID,2020-03-29
MT375430,USA: WA,2020-03-31
MT375431,USA: ID,2020-03-29
MT375432,USA: WA,2020-03-30
MT375433,USA: WA,2020-03-30
MT375434,USA: WA,2020-03-31
MT375435,USA: WA,2020-03-31
MT375436,USA: WA,2020-03-31
MT375437,USA: WA,2020-03-31
MT375438,USA: WA,2020-03-31
MT375440,USA: WA,2020-03-31
MT375441,USA: WA,2020-03-26
MT375442,USA: WA,2020-03-26
MT375443,USA: WA,2020-03-26
MT375444,USA: WA,2020-03-29
MT375445,USA: WA,2020-03-29
MT375446,USA: WA,2020-03-28
MT375447,USA: WA,2020-03-25
MT375448,USA: WA,2020-03-27
MT375449,USA: WA,2020-03-28
MT375450,USA: WA,2020-03-28
MT375451,USA: WA,2020-03-27
MT375452,USA: WA,2020-03-28
MT375453,USA: WA,2020-03-27
MT375454,USA: WA,2020-03-27
MT375455,USA: WA,2020-03-28
MT375456,USA: WA,2020-03-27
MT375457,USA,2020-04-06
MT375458,USA: WA,2020-04-06
MT375459,USA: WA,2020-04-05
MT375460,USA: WA,2020-04-06
MT375461,USA: WA,2020-04-06
MT375462,USA: WA,2020-04-06
MT375463,USA: WA,2020-04-07
MT375465,USA: WA,2020-04-07
MT375466,USA: WA,2020-04-07
MT375467,USA: WA,2020-04-07
MT375468,USA: WA,2020-04-07
MT375469,USA: CT,2020-04-07
MT375470,USA: CT,2020-04-06
MT375471,USA: CT,2020-04-06
MT375472,USA,2020-04-08
MT375474,USA: CT,2020-04-06
MT375476,USA: WA,2020-04-02
MT375477,USA: WA,2020-04-02
MT375478,USA: WA,2020-04-02
MT375480,USA: WA,2020-04-02
MT375481,USA: WA,2020-04-02
MT375482,USA: WA,2020-04-02
MT375483,USA,2020-04-02
MT370516,Taiwan,2020-02-26
MT370518,Taiwan,2020-02-27
MT370831,USA: NY,2020-03-18
MT370833,USA: NY,2020-03-18
MT370834,USA: NY,2020-03-18
MT370835,USA: NY,2020-03-18
MT370836,USA: NY,2020-03-18
MT370837,USA: NY,2020-03-18
MT370838,USA: NY,2020-03-17
MT370839,USA: NY,2020-03-14
MT370841,USA: NY,2020-03-17
MT370842,USA: NY,2020-03-04
MT370843,USA: NY,2020-03-17
MT370844,USA: NY,2020-03-18
MT370845,USA: NY,2020-03-18
MT370846,USA: NY,2020-03-16
MT370848,USA: NY,2020-03-18
MT370849,USA: NY,2020-03-17
MT370850,USA: NY,2020-03-17
MT370851,USA: NY,2020-03-18
MT370852,USA: NY,2020-03-17
MT370853,USA: NY,2020-03-17
MT370854,USA: NY,2020-03-14
MT370856,USA: NY,2020-03-18
MT370857,USA: NY,2020-03-14
MT370858,USA: NY,2020-03-18
MT370859,USA: NY,2020-03-17
MT370860,USA: NY,2020-03-18
MT370861,USA: NY,2020-03-17
MT370862,USA: NY,2020-03-16
MT370863,USA: NY,2020-03-18
MT370864,USA: NY,2020-03-18
MT370865,USA: NY,2020-03-17
MT370866,USA: NY,2020-03-17
MT370868,USA: NY,2020-03-17
MT370869,USA: NY,2020-03-18
MT370870,USA: NY,2020-03-18
MT370871,USA: NY,2020-03-17
MT370872,USA: NY,2020-03-17
MT370874,USA: NY,2020-03-15
MT370875,USA: NY,2020-03-18
MT370876,USA: NY,2020-03-17
MT370877,USA: NY,2020-03-17
MT370878,USA: NY,2020-03-16
MT370880,USA: NY,2020-03-19
MT370881,USA: NY,2020-03-13
MT370882,USA: NY,2020-03-18
MT370883,USA: NY,2020-03-18
MT370885,USA: NY,2020-03-18
MT370886,USA: NY,2020-03-17
MT370888,USA: NY,2020-03-17
MT370889,USA: NY,2020-03-13
MT370890,USA: NY,2020-03-18
MT370891,USA: NY,2020-03-16
MT370892,USA: NY,2020-03-11
MT370894,USA: NY,2020-03-17
MT370895,USA: NY,2020-03-16
MT370896,USA: NY,2020-03-18
MT370897,USA: NY,2020-03-18
MT370898,USA: NY,2020-03-18
MT370899,USA: NY,2020-03-17
MT370901,USA: NY,2020-03-17
MT370902,USA: NY,2020-03-17
MT370903,USA: NY,2020-03-17
MT370904,USA: NY,2020-02-29
MT370905,USA: NY,2020-03-17
MT370906,USA: NY,2020-03-17
MT370907,USA: NY,2020-03-17
MT370908,USA: NY,2020-03-18
MT370909,USA: NY,2020-03-17
MT370911,USA: NY,2020-03-17
MT370912,USA: NY,2020-03-19
MT370913,USA: NY,2020-03-17
MT370914,USA: NY,2020-03-17
MT370915,USA: NY,2020-03-13
MT370916,USA: NY,2020-03-17
MT370917,USA: NY,2020-03-19
MT370919,USA: NY,2020-03-14
MT370920,USA: NY,2020-03-18
MT370925,USA: NY,2020-03-20
MT370927,USA: NY,2020-03-21
MT370930,USA: NY,2020-03-22
MT370931,USA: NY,2020-03-21
MT370932,USA: NY,2020-03-20
MT370933,USA: NJ,2020-03-20
MT370934,USA: NY,2020-03-20
MT370935,USA: NY,2020-03-20
MT370937,USA: NY,2020-03-20
MT370939,USA: NY,2020-03-19
MT370940,USA: NY,2020-03-19
MT370942,USA: NY,2020-03-19
MT370944,USA: NY,2020-03-19
MT370946,USA: NY,2020-03-20
MT370947,USA: NY,2020-03-21
MT370948,USA: NY,2020-03-20
MT370949,USA: NY,2020-03-20
MT370950,USA: NY,2020-03-20
MT370952,USA: NY,2020-03-20
MT370953,USA: NY,2020-03-19
MT370954,USA: NY,2020-03-21
MT370956,USA: NY,2020-03-19
MT370957,USA: NY,2020-03-18
MT370958,USA: NY,2020-03-19
MT370960,USA: NY,2020-03-18
MT370961,USA: NY,2020-03-20
MT370962,USA: NY,2020-03-21
MT370964,USA: NY,2020-03-21
MT370965,USA: NY,2020-03-19
MT370966,USA: NY,2020-03-19
MT370967,USA: NY,2020-03-21
MT370970,USA: NY,2020-03-20
MT370971,USA: NY,2020-03-20
MT370972,USA: NY,2020-03-20
MT370975,USA: NY,2020-03-19
MT370976,USA: NY,2020-03-20
MT370977,USA: NY,2020-03-21
MT370979,USA: NY,2020-03-21
MT370980,USA: NY,2020-03-20
MT370981,USA: NY,2020-03-19
MT370984,USA: NY,2020-03-21
MT370985,USA: NY,2020-03-20
MT370986,USA: NY,2020-03-20
MT370987,USA: NY,2020-03-18
MT370988,USA: NY,2020-03-20
MT370991,USA: NY,2020-03-21
MT370993,USA: NY,2020-03-19
MT370994,USA: NY,2020-03-20
MT370996,USA: NY,2020-03-19
MT370997,USA: NY,2020-03-19
MT370998,USA: NY,2020-03-19
MT371000,USA: NY,2020-03-21
MT371001,USA: NY,2020-03-19
MT371002,USA: NY,2020-03-22
MT371006,USA: NY,2020-03-20
MT371007,USA: NY,2020-03-19
MT371008,USA: NY,2020-03-22
MT371009,USA: NY,2020-03-21
MT371012,USA: NY,2020-03-19
MT371013,USA: NY,2020-03-21
MT371015,USA: NY,2020-03-20
MT371016,USA: NY,2020-03-22
MT371017,USA: NY,2020-03-22
MT371018,USA: NY,2020-03-20
MT371019,USA: NY,2020-03-21
MT371022,USA: NY,2020-03-22
MT371023,USA: NY,2020-03-21
MT371026,USA: NY,2020-03-19
MT371027,USA: NY,2020-03-20
MT371028,USA: NY,2020-03-21
MT371029,USA: NY,2020-03-20
MT371032,USA: NY,2020-03-19
MT371033,USA: NY,2020-03-21
MT371034,USA: NY,2020-03-22
MT371035,USA: NY,2020-03-21
MT371036,USA: NY,2020-03-20
MT371038,USA: NY,2020-03-19
MT371047,Sri Lanka,2020-03-16
MT371048,Sri Lanka,2020-03-10
MT371049,Sri Lanka,2020-03-19
MT371050,Sri Lanka,2020-03-31
MT371568,Czech Republic,2020-03-22
MT371569,Czech Republic,2020-03-19
MT371570,Czech Republic,2020-03-21
MT371571,Czech Republic,2020-03-18
MT371572,Czech Republic,2020-03-19
MT371573,Czech Republic,2020-03-17
MT371574,Czech Republic,2020-03-18
MT372480,Malaysia,2020-03-18
MT372481,Malaysia,2020-03-20
MT372482,Malaysia,2020-03-20
MT114412,Hong Kong,2020-01-23
MT114413,Hong Kong,2020-01-24
MT114414,Hong Kong,2020-01-24
MT114415,Hong Kong,2020-01-27
MT114416,Hong Kong,2020-01-27
MT114417,Hong Kong,2020-01-29
MT114418,Hong Kong,2020-01-27
MT114419,Hong Kong,2020-01-29
MT230904,Hong Kong,2020-01-22
MT358401,"USA: New Orleans, LA",2020-04-06
MT358402,"USA: New Orleans, LA",2020-04-06
MT358637,India: Rajkot,2020-04-05
MT358644,USA: WA,2020-04-01
MT358645,USA: WA,2020-03-31
MT358646,USA: WA,2020-03-31
MT358647,USA: WA,2020-03-31
MT358648,USA: WA,2020-03-31
MT358649,USA: WA,2020-03-31
MT358650,USA: WA,2020-03-31
MT358651,USA: CT,2020-03-30
MT358652,USA: ID,2020-03-30
MT358653,USA: CT,2020-03-31
MT358654,USA: CT,2020-03-31
MT358655,USA: ID,2020-03-30
MT358656,USA: WA,2020-03-31
MT358657,USA: WA,2020-03-31
MT358658,USA: WA,2020-03-31
MT358659,USA: WA,2020-03-31
MT358660,USA: WA,2020-03-31
MT358661,USA: OR,2020-03-31
MT358662,USA: WA,2020-03-31
MT358663,USA: WA,2020-03-31
MT358664,USA: WA,2020-03-31
MT358665,USA: WA,2020-03-31
MT358666,USA: WA,2020-03-31
MT358667,USA: WA,2020-03-30
MT358668,USA: WA,2020-03-31
MT358669,USA: WA,2020-03-29
MT358670,USA: WA,2020-03-31
MT358671,USA: WA,2020-03-30
MT358672,USA: WA,2020-03-30
MT358673,USA: CT,2020-03-30
MT358674,USA: WA,2020-03-26
MT358675,USA: WA,2020-03-26
MT358677,USA: WA,2020-03-26
MT358678,USA: WA,2020-03-27
MT358679,USA: WA,2020-03-26
MT358680,USA: WA,2020-03-26
MT358681,USA: WA,2020-03-26
MT358682,USA: WA,2020-03-26
MT358683,USA: WA,2020-03-25
MT358684,USA: WA,2020-03-25
MT358685,USA: WA,2020-03-26
MT358687,USA: WA,2020-03-26
MT358688,USA: WA,2020-03-26
MT358689,USA: WA,2020-03-26
MT358690,USA: WA,2020-03-26
MT358691,USA: WA,2020-03-27
MT358692,USA: WA,2020-03-25
MT358693,USA: CT,2020-03-25
MT358694,USA: WA,2020-03-26
MT358695,USA: WA,2020-03-26
MT358696,USA: WA,2020-03-26
MT358697,USA: WA,2020-03-26
MT358698,USA: WA,2020-03-25
MT358699,USA: WA,2020-03-26
MT358700,USA: WA,2020-03-26
MT358701,USA: WA,2020-03-25
MT358702,USA: WA,2020-03-27
MT358703,USA: ID,2020-03-25
MT358705,USA: ID,2020-03-29
MT358706,USA: WA,2020-03-31
MT358707,USA: WA,2020-03-31
MT358708,USA: WA,2020-03-27
MT358709,USA: ID,2020-03-26
MT358710,USA: WA,2020-03-27
MT358711,USA: WA,2020-03-27
MT358712,USA: WA,2020-03-27
MT358713,USA: WA,2020-03-27
MT358714,USA: WA,2020-03-27
MT358715,USA: WA,2020-03-27
MT358716,USA: WA,2020-03-27
MT358717,USA: WA,2020-03-27
MT358718,USA: WA,2020-03-27
MT358719,USA: WA,2020-03-27
MT358720,USA: WA,2020-03-27
MT358721,USA: WA,2020-03-27
MT358722,USA: WA,2020-03-27
MT358723,USA: WA,2020-03-27
MT358724,USA: WA,2020-03-27
MT358725,USA: WA,2020-03-27
MT358726,USA: WA,2020-03-27
MT358727,USA: WA,2020-03-30
MT358728,USA: WA,2020-03-31
MT358729,USA: WA,2020-03-31
MT358730,USA: WA,2020-03-29
MT358731,USA: WA,2020-03-29
MT358732,USA: WA,2020-03-29
MT358733,USA: WA,2020-03-29
MT358734,USA: WA,2020-03-29
MT358735,USA: WA,2020-03-28
MT358736,USA: WA,2020-03-29
MT358737,USA: WA,2020-03-28
MT358738,USA: WA,2020-03-28
MT358739,USA: WA,2020-03-29
MT358740,USA: WA,2020-03-28
MT358741,USA: WA,2020-03-29
MT358742,USA: WA,2020-03-29
MT358743,USA: WA,2020-04-01
MT358744,USA: WA,2020-04-01
MT358745,USA: ID,2020-03-29
MT358746,USA: WA,2020-03-31
MT358747,USA: WA,2020-03-31
MT358748,USA: WA,2020-03-31
MT359865,Spain,2020-03-15
MT359866,Spain,2020-03-15
MT350236,USA: VA,2020-03
MT350237,USA: VA,2020-03
MT350238,USA: VA,2020-03
MT350239,USA: VA,2020-03
MT350240,USA: VA,2020-03
MT350241,USA: VA,2020-03
MT350242,USA: VA,2020-03
MT350243,USA: VA,2020-03
MT350244,USA: VA,2020-03
MT350245,USA: VA,2020-03
MT350246,USA: VA,2020-04
MT350247,USA: VA,2020-03
MT350248,USA: VA,2020-03
MT350249,USA: VA,2020-03
MT350250,USA: VA,2020-03
MT350251,USA: VA,2020-03
MT350252,USA: VA,2020-03
MT350253,USA: VA,2020-04
MT350254,USA: VA,2020-04
MT350255,USA: VA,2020-04
MT350256,USA: VA,2020-04
MT350257,USA: VA,2020-04
MT350263,USA: WA,2020-03-19
MT350264,USA: WA,2020-03-19
MT350265,USA: WA,2020-03-19
MT350266,USA: WA,2020-03-19
MT350267,USA: WA,2020-03-19
MT350268,USA: WA,2020-03-19
MT350269,USA: WA,2020-03-20
MT350270,USA: WA,2020-03-19
MT350271,USA: WA,2020-03-20
MT350272,USA: WA,2020-03-19
MT350273,USA: WA,2020-03-19
MT350274,USA: WA,2020-03-19
MT350275,USA: WA,2020-03-19
MT350276,USA: WA,2020-03-19
MT350277,USA: WA,2020-03-19
MT350278,USA: WA,2020-03-19
MT350279,USA: WA,2020-03-19
MT350280,USA: WA,2020-03-19
MT350282,Brazil,2020-03-18
MT344944,USA: CT,2020-03-08
MT344945,USA: GA,2020-03-07
MT344946,USA: GA,2020-03
MT344947,USA: GA,2020-03
MT344948,USA: HI,2020-03-05
MT344949,USA: HI,2020-03-07
MT344950,USA: IN,2020-03-07
MT344951,USA: IN,2020-03-08
MT344952,USA: IN,2020-03-09
MT344953,USA: MD,2020-03-04
MT344954,USA: MN,2020-03-05
MT344955,USA: OH,2020-03-08
MT344956,USA: OH,2020-03-07
MT344957,USA: PA,2020-03-07
MT344958,USA: PA,2020-03-07
MT344959,USA: PA,2020-03-08
MT344960,USA: RI,2020-03-09
MT344961,USA: NV,2020-03-07
MT344962,USA: MN,2020-03-07
MT344963,USA: NC,2020-03-08
MT345798,USA: WA,2020-03-24
MT345799,USA: WA,2020-03-23
MT345801,USA: WA,2020-03-25
MT345802,USA,2020-03-21
MT345803,USA: ID,2020-03-21
MT345805,USA: WA,2020-03-23
MT345806,USA: WA,2020-03-25
MT345808,USA: WA,2020-03-25
MT345809,USA: WA,2020-03-25
MT345811,USA: WA,2020-03-24
MT345812,USA: WA,2020-03-25
MT345814,USA: WA,2020-03-24
MT345815,USA: WA,2020-03-24
MT345816,USA,2020-03-23
MT345817,USA: ID,2020-03-24
MT345819,USA: WA,2020-03-25
MT345821,USA: WA,2020-03-25
MT345822,USA: WA,2020-03-25
MT345823,USA: WA,2020-03-25
MT345824,USA: WA,2020-03-25
MT345825,USA: WA,2020-03-25
MT345826,USA: WA,2020-03-25
MT345827,USA: WA,2020-03-25
MT345828,USA: ID,2020-03-23
MT345829,USA: WA,2020-03-25
MT345830,USA: WA,2020-03-25
MT345832,USA: WA,2020-03-25
MT345833,USA: WA,2020-03-25
MT345834,USA: WA,2020-03-26
MT345835,USA: WA,2020-03-25
MT345836,USA: WA,2020-03-23
MT345838,USA: WA,2020-03-23
MT345840,USA: WA,2020-03-24
MT345841,USA: WA,2020-03-24
MT345842,USA: WA,2020-03-24
MT345843,USA: WA,2020-03-24
MT345844,USA: WA,2020-03-24
MT345846,USA: WA,2020-03-24
MT345847,USA: WA,2020-03-24
MT345848,USA: WA,2020-03-24
MT345849,USA: WA,2020-03-24
MT345850,USA: WA,2020-03-24
MT345851,USA: WA,2020-03-25
MT345852,USA: WA,2020-03-25
MT345853,USA: WA,2020-03-25
MT345854,USA: WA,2020-03-25
MT345855,USA: WA,2020-03-25
MT345856,USA: WA,2020-03-25
MT345857,USA: ID,2020-03-24
MT345858,USA: ID,2020-03-23
MT345859,USA: WA,2020-03-25
MT345860,USA: WA,2020-03-25
MT345861,USA: WA,2020-03-25
MT345862,USA: WA,2020-03-25
MT345865,USA: WA,2020-03-25
MT345866,USA: ID,2020-03-23
MT345867,USA: WA,2020-03-23
MT345868,USA: CT,2020-03-30
MT345869,USA: CT,2020-03-30
MT345870,USA: CT,2020-03-30
MT345871,USA: ID,2020-03-27
MT345872,USA: ID,2020-03-27
MT345873,USA: CT,2020-03-30
MT345874,USA: CT,2020-03-30
MT345875,USA: ID,2020-03-28
MT345876,USA: ID,2020-03-28
MT345877,USA: ID,2020-03-27
MT345878,USA: OR,2020-03-29
MT345879,USA: ID,2020-03-28
MT345880,USA: ID,2020-03-28
MT345881,USA: WA,2020-03-30
MT345882,USA: WA,2020-03-31
MT345883,USA: WA,2020-03-31
MT345884,USA: ID,2020-03-29
MT345885,USA: ID,2020-03-30
MT345886,USA: ID,2020-03-27
MT345887,USA: ID,2020-03-29
MT345888,USA: ID,2020-03-29
MT339039,"USA: Maricopa County, Arizona",2020-03-17
MT339040,"USA: Maricopa County, Arizona",2020-03-16
MT339041,"USA: Maricopa County, Arizona",2020-03-17
MT334523,USA: UT,2020-03-05
MT334526,USA: UT,2020-03-07
MT334529,USA: UT,2020-03-10
MT334531,USA: UT,2020-03-12
MT334533,USA: UT,2020-03-13
MT334534,USA: UT,2020-03-13
MT334535,USA: UT,2020-03-13
MT334536,USA: UT,2020-03-13
MT334537,USA: UT,2020-03-13
MT334538,USA: UT,2020-03-13
MT334539,USA: UT,2020-03-14
MT334540,USA: UT,2020-03-14
MT334541,USA: UT,2020-03-11
MT334542,USA: UT,2020-03-11
MT334544,USA: UT,2020-03-19
MT334546,USA: UT,2020-03-19
MT334547,USA: UT,2020-03-19
MT334557,USA: UT,2020-03-20
MT334561,USA: UT,2020-03-26
MT324062,South Africa: KwaZulu-Natal,2020-03-07
MT324684,USA,2020-03-25
MT325561,USA: AZ,2020-03-09
MT325562,USA: AZ,2020-03-09
MT325563,USA: DC,2020-03-06
MT325564,USA: FL,2020-03-06
MT325565,USA: FL,2020-03-02
MT325566,USA: FL,2020-03-05
MT325567,USA: FL,2020-03-05
MT325568,USA: FL,2020-03-06
MT325569,USA: GA,2020-03-04
MT325570,USA: GA,2020-03-05
MT325571,USA: GA,2020-03
MT325572,USA: GA,2020-03-08
MT325573,USA: GA,2020-03
MT325574,USA: GA,2020-03
MT325575,USA: GA,2020-03-10
MT325576,USA: IA,2020-03-08
MT325577,USA: IL,2020-03-07
MT325578,USA: IL,2020-03-07
MT325579,USA: IN,2020-03-09
MT325580,USA: KS,2020-03-06
MT325581,USA: LA,2020-03-09
MT325582,USA: MA,2020-03-05
MT325583,USA: MA,2020-03-06
MT325584,USA: MA,2020-03-06
MT325585,USA: MA,2020-03-06
MT325586,USA: MA,2020-03-07
MT325587,USA: MD,2020-03-04
MT325588,USA: MO,2020-03-06
MT325589,USA: NC,2020-03-08
MT325590,USA: NC,2020-03-07
MT325591,USA: NC,2020-03-06
MT325592,USA: NE,2020-03-05
MT325593,USA: NE,2020-03-07
MT325594,USA: NH,2020-03-06
MT325595,USA: NH,2020-03-06
MT325596,USA: NJ,2020-03-04
MT325597,USA: NV,2020-03-09
MT325598,USA: OH,2020-03-08
MT325599,USA: PA,2020-03-05
MT325600,USA: PA,2020-03-05
MT325601,USA: PA,2020-03-07
MT325602,USA: PA,2020-03-08
MT325603,USA: PA,2020-03-09
MT325604,USA: PA,2020-03-06
MT325605,USA: RI,2020-03-05
MT325606,USA: SC,2020-03-06
MT325607,USA: SC,2020-03-07
MT325608,USA: SC,2020-03-08
MT325609,USA: UT,2020-03-05
MT325610,USA: UT,2020-03-07
MT325611,USA: VA,2020-03-08
MT325612,USA: VA,2020-03-08
MT325613,USA: VA,2020-03-08
MT325614,USA: VA,2020-03-08
MT325615,USA: IA,2020-03-07
MT325616,USA: MA,2020-03-06
MT325617,USA: IA,2020-03-08
MT325618,USA: IA,2020-03-08
MT325619,USA: IA,2020-03-08
MT325620,USA: IA,2020-03-08
MT325621,USA: IA,2020-03-07
MT325622,USA: NJ,2020-03-04
MT325623,USA: SC,2020-03-05
MT325624,USA: SC,2020-03-07
MT325625,USA: SC,2020-03-07
MT325626,USA: SC,2020-03-05
MT325627,USA: NY,2020-03-04
MT325628,USA: VA,2020-03-06
MT325629,USA: MA,2020-03-05
MT325630,USA: MA,2020-03-05
MT325631,USA: MA,2020-03-05
MT325632,USA: MA,2020-03-04
MT325633,USA: MA,2020-03-04
MT325634,USA: MA,2020-03-05
MT325635,USA: MA,2020-03-06
MT325636,USA: MA,2020-03-06
MT325637,USA: MA,2020-03-06
MT325638,USA: MA,2020-03-06
MT325639,USA: MA,2020-03-07
MT325640,USA: MA,2020-03-06
MT326023,USA,2020-03-24
MT326024,USA,2020-03-24
MT326027,USA,2020-03-24
MT326028,USA,2020-03-24
MT326029,USA,2020-03-24
MT326030,USA,2020-03-24
MT326035,USA,2020-03-23
MT326036,USA,2020-03-23
MT326039,USA,2020-03-23
MT326040,USA,2020-03-21
MT326041,USA,2020-03-20
MT326042,USA,2020-03-23
MT326046,USA,2020-03-23
MT326048,USA,2020-03-23
MT326049,USA,2020-03-23
MT326051,USA,2020-03-23
MT326052,USA,2020-03-23
MT326053,USA,2020-03-23
MT326054,USA,2020-03-23
MT326055,USA,2020-03-21
MT326056,USA,2020-03-24
MT326058,USA,2020-03-24
MT326061,USA,2020-03-23
MT326063,USA,2020-03-24
MT326065,USA,2020-03-24
MT326066,USA,2020-03-24
MT326067,USA,2020-03-24
MT326068,USA,2020-03-24
MT326069,USA,2020-03-24
MT326070,USA,2020-03-24
MT326071,USA,2020-03-22
MT326074,USA,2020-03-20
MT326075,USA,2020-03-20
MT326076,USA,2020-03-24
MT326078,USA,2020-03-24
MT326081,USA,2020-03-24
MT326082,USA,2020-03-23
MT326083,USA,2020-03-22
MT326084,USA,2020-03-22
MT326085,USA,2020-03-20
MT326086,USA,2020-03-19
MT326087,USA,2020-03-23
MT326088,USA,2020-03-23
MT326089,USA,2020-03-21
MT326090,USA,2020-03-21
MT326091,USA,2020-03-16
MT326092,USA,2020-03-22
MT326093,USA,2020-03-22
MT326094,USA,2020-03-22
MT326095,USA,2020-03-22
MT326096,USA,2020-03-22
MT326097,USA,2020-03-21
MT326099,USA,2020-03-22
MT326100,USA,2020-03-22
MT326103,USA,2020-03-22
MT326104,USA,2020-03-22
MT326105,USA,2020-03-22
MT326106,USA,2020-03-22
MT326111,USA,2020-03-22
MT326112,USA,2020-03-20
MT326113,USA,2020-03-20
MT326116,USA,2020-03-20
MT326117,USA,2020-03-20
MT326118,USA,2020-03-21
MT326119,USA,2020-03-20
MT326120,USA,2020-03-21
MT326121,USA,2020-03-20
MT326123,USA,2020-03-20
MT326124,USA,2020-03-20
MT326125,USA,2020-03-20
MT326127,USA,2020-03-20
MT326128,USA,2020-03-20
MT326129,USA,2020-03-20
MT326130,USA,2020-03-20
MT326132,USA,2020-03-20
MT326133,USA,2020-03-20
MT326134,USA,2020-03-20
MT326135,USA,2020-03-20
MT326136,USA,2020-03-19
MT326137,USA,2020-03-19
MT326138,USA,2020-03-20
MT326140,USA,2020-03-20
MT326148,USA,2020-03-21
MT326149,USA,2020-03-21
MT326150,USA,2020-03-21
MT326151,USA,2020-03-21
MT326152,USA,2020-03-21
MT326153,USA,2020-03-21
MT326154,USA,2020-03-21
MT326158,USA,2020-03-21
MT326159,USA,2020-03-21
MT326160,USA,2020-03-21
MT326161,USA,2020-03-21
MT326162,USA,2020-03-21
MT326164,USA,2020-03-21
MT326166,USA,2020-03-21
MT326167,USA,2020-03-21
MT326169,USA,2020-03-22
MT326173,USA,2020
MT326178,USA,2020-03-19
MT326180,USA,2020-03-19
MT326181,USA,2020-03-14
MT326184,USA,2020-03-17
MT326185,USA,2020-03-17
MT326187,USA,2020-03-18
MT326190,USA,2020-03-18
MT326191,USA,2020-03-18
MT327745,Turkey,2020-03-17
MT328032,Greece,2020-03-18
MT328033,Greece,2020-03-18
MT328034,Greece,2020-03-18
MT328035,Greece,2020-03-18
MT039874,China,2020-01-22
MT077125,Italy,2020-01-31
MT322394,USA: VA,2020-03
MT322395,USA: VA,2020-03
MT322396,USA: VA,2020-03
MT322397,USA: VA,2020-03
MT322398,USA: VA,2020-03
MT322400,USA: VA,2020-03
MT322401,USA: VA,2020-03
MT322402,USA: VA,2020-03
MT322403,USA: VA,2020-03
MT322404,USA: VA,2020-03
MT322405,USA: VA,2020-03
MT322406,USA: VA,2020-03
MT322407,USA: VA,2020-03
MT322408,USA: VA,2020-03
MT322409,USA: VA,2020-03
MT322410,USA: VA,2020-03
MT322411,USA: VA,2020-03
MT322412,USA: VA,2020-03
MT322413,USA: VA,2020-03
MT322414,USA: VA,2020-03
MT322415,USA: VA,2020-03
MT322416,USA: VA,2020-03
MT322417,USA: VA,2020-03
MT322418,USA: VA,2020-03
MT322419,USA: VA,2020-03
MT322420,USA: VA,2020-03
MT322421,USA: VA,2020-03
MT322422,USA: VA,2020-03
MT322423,USA: VA,2020-03
MT322424,USA: VA,2020-03
MT320538,France,2020-03
MT320891,Iran,2020-03-09
MT308702,USA: NC,2020-04
MT308703,USA: NC,2020-04
MT308704,USA: NC,2020-04
MT300186,USA: North Carolina,2020-04-02
MT304474,South Korea,2020-02-27
MT304475,South Korea,2020-02-29
MT304476,South Korea,2020-02-29
MT304477,USA: AZ,2020-03-02
MT304478,USA: FL,2020-03-02
MT304479,USA: GA,2020-03-03
MT304480,USA: GA,2020-03-03
MT304481,USA: GA,2020-03-04
MT304482,USA: IL,2020-03-01
MT304483,USA: IL,2020-03-01
MT304484,USA: NH,2020-02-29
MT304485,USA: NH,2020-03-02
MT304486,USA: NY,2020-03-02
MT304487,USA: OR,2020-03-01
MT304488,USA: RI,2020-03-01
MT304489,USA: TX,2020-02-29
MT304490,USA: TX,2020-03-01
MT304491,USA: TX,2020-03-01
MT281577,"China: Anhui, Fuyang",2020-03-10
MT291826,China: Wuhan,2019-12-30
MT291827,China: Wuhan,2019-12-30
MT291828,China: Wuhan,2019-12-30
MT291829,China: Wuhan,2019-12-30
MT291830,China: Wuhan,2019-12-30
MT291831,China: Beijing,2020-01-24
MT291832,China: Beijing,2020-01-25
MT291833,China: Beijing,2020-01-28
MT291834,China: Beijing,2020-01-28
MT291835,China: Beijing,2020-01-27
MT291836,China: Beijing,2020-01-29
MT292569,Spain,2020-03-09
MT292570,Spain,2020-03-10
MT292571,Spain,2020-03-09
MT292572,Spain,2020-03-10
MT292573,Spain,2020-03-09
MT292574,Spain,2020-03-02
MT292575,Spain,2020-03-10
MT293156,USA: WA,2020-03-30
MT293158,USA: WA,2020-03-16
MT293159,USA: WA,2020-03-16
MT293160,USA: WA,2020-03-16
MT293161,USA: WA,2020-03-16
MT293162,USA: WA,2020-03-16
MT293163,USA: WA,2020-03-29
MT293164,USA: WA,2020-03-17
MT293165,USA: WA,2020-03-17
MT293166,USA: WA,2020-03-17
MT293167,USA: WA,2020-03-17
MT293168,USA: WA,2020-03-17
MT293169,USA: WA,2020-03-17
MT293170,USA: WA,2020-03-18
MT293171,USA: WA,2020-03-17
MT293172,USA: WA,2020-03-17
MT293173,USA: WA,2020-03-30
MT293174,USA: WA,2020-03-27
MT293175,USA: WA,2020-03-30
MT293176,USA: WA,2020-03-17
MT293177,USA,2020-03-16
MT293178,USA: WA,2020-03-26
MT293179,USA: WA,2020-03-17
MT293180,USA: WA,2020-03-17
MT293181,USA: WA,2020-03-18
MT293182,USA: WA,2020-03-18
MT293183,USA: WA,2020-03-18
MT293184,USA: WA,2020-03-18
MT293185,USA: WA,2020-03-28
MT293186,USA: WA,2020-03-17
MT293187,USA: WA,2020-03-17
MT293188,USA: WA,2020-03-28
MT293189,USA: WA,2020-03-18
MT293190,USA: WA,2020-03-17
MT293191,USA: WA,2020-03-17
MT293192,USA: WA,2020-03-28
MT293194,USA: WA,2020-03-18
MT293195,USA: WA,2020-03-28
MT293196,USA: WA,2020-03-19
MT293197,USA: WA,2020-03-19
MT293198,USA: WA,2020-03-19
MT293199,USA: WA,2020-03-19
MT293200,USA: WA,2020-03-19
MT293201,USA: WA,2020-03-19
MT293202,USA: WA,2020-03-19
MT293204,USA: WA,2020-03-18
MT293205,USA: WA,2020-03-19
MT293206,USA: WA,2020-03-19
MT293207,USA: WA,2020-03-19
MT293208,USA: WA,2020-03-19
MT293209,USA: WA,2020-03-19
MT293210,USA: WA,2020-03-19
MT293211,USA: WA,2020-03-19
MT293212,USA: WA,2020-03-19
MT293213,USA: WA,2020-03-19
MT293215,USA: WA,2020-03-19
MT293216,USA: WA,2020-03-19
MT293218,USA: WA,2020-03-18
MT293219,USA: WA,2020-03-18
MT293220,USA: WA,2020-03-18
MT293222,USA: WA,2020-03-18
MT293224,USA: WA,2020-03-18
MT293225,USA: WA,2020-03-18
MT295464,USA,2020-03-10
MT295465,USA,2020-03-27
MT276323,USA: RI,2020-02-28
MT276324,USA: CA,2020-02-26
MT276325,USA: WA,2020-02-27
MT276326,USA: GA,2020-02-29
MT276327,USA: GA,2020-02-29
MT276328,USA: OR,2020-02-27
MT276329,USA: FL,2020-02-28
MT276330,USA: FL,2020-02-28
MT276331,USA: TX,2020-02-29
MT276597,Israel,2020-02
MT276598,Israel,2020-03
MT262896,USA: WA,2020-03-13
MT262897,USA: WA,2020-03-13
MT262898,USA: WA,2020-03-13
MT262899,USA: WA,2020-03-13
MT262900,USA: WA,2020-03-13
MT262901,USA: WA,2020-03-13
MT262902,USA: WA,2020-03-13
MT262903,USA: WA,2020-03-13
MT262904,USA: WA,2020-03-13
MT262905,USA: WA,2020-03-13
MT262906,USA: WA,2020-03-13
MT262907,USA: WA,2020-03-13
MT262908,USA: WA,2020-03-13
MT262909,USA: WA,2020-03-13
MT262910,USA: WA,2020-03-13
MT262911,USA: WA,2020-03-13
MT262912,USA: WA,2020-03-13
MT262913,USA: WA,2020-03-13
MT262914,USA: WA,2020-03-13
MT262915,USA: WA,2020-03-13
MT262916,USA: WA,2020-03-13
MT262993,Pakistan: KPK,2020-03-12
MT263074,Peru,2020-03-10
MT263381,USA: WA,2020-03-23
MT263382,USA: WA,2020-03-23
MT263383,USA: WA,2020-03-24
MT263384,USA: WA,2020-03-23
MT263386,USA: CT,2020-03-14
MT263387,USA: WA,2020-03-16
MT263388,USA: WA,2020-03-16
MT263390,USA: WA,2020-03-24
MT263391,USA: WA,2020-03-16
MT263392,USA: WA,2020-03-24
MT263394,USA: WA,2020-03-14
MT263395,USA: WA,2020-03-14
MT263396,USA: WA,2020-03-13
MT263398,USA: WA,2020-03-24
MT263399,USA: WA,2020-03-24
MT263400,USA: WA,2020-03-23
MT263402,USA: WA,2020-03-23
MT263403,USA: WA,2020-03-16
MT263404,USA: WA,2020-03-24
MT263405,USA: WA,2020-03-16
MT263406,USA: MN,2020-03-13
MT263408,USA: WA,2020-03-24
MT263410,USA: WA,2020-03-16
MT263411,USA: CT,2020-03-14
MT263412,USA: WA,2020-03-16
MT263413,USA: WA,2020-03-16
MT263414,USA: WA,2020-03-24
MT263415,USA: MN,2020-03-13
MT263416,USA: WA,2020-03-16
MT263417,USA: WA,2020-03-24
MT263418,USA: WA,2020-03-16
MT263419,USA: WA,2020-03-16
MT263420,USA: WA,2020-03-20
MT263421,USA: WA,2020-03-24
MT263422,USA: WA,2020-03-16
MT263423,USA: WA,2020-03-23
MT263424,USA: WA,2020-03-24
MT263425,USA: WA,2020-03-24
MT263426,USA: WA,2020-03-16
MT263428,USA: IL,2020-03-13
MT263429,USA: IL,2020-03-13
MT263430,USA: WA,2020-03-24
MT263431,USA: WA,2020-03-24
MT263432,USA: WA,2020-03-24
MT263433,USA: IL,2020-03-13
MT263434,USA: WA,2020-03-24
MT263435,USA: WA,2020-03-24
MT263436,USA: WA,2020-03-24
MT263437,USA: WA,2020-03-14
MT263438,USA,2020-03
MT263439,USA: WA,2020-03-24
MT263440,USA: WA,2020-03-24
MT263441,USA: WA,2020-03-24
MT263442,USA: WA,2020-03-24
MT263443,USA: WA,2020-03-24
MT263444,USA: WA,2020-03-20
MT263445,USA: WA,2020-03-24
MT263446,USA: WA,2020-03-24
MT263447,USA: WA,2020-03-14
MT263448,USA: WA,2020-03-16
MT263449,USA: WA,2020-03-24
MT263450,USA: WA,2020-03-24
MT263451,USA: WA,2020-03-16
MT263452,USA: WA,2020-03-17
MT263453,USA: WA,2020-03-24
MT263454,USA: WA,2020-03
MT263455,USA: WA,2020-03-24
MT263456,USA: WA,2020-03-24
MT263457,USA: WA,2020-03-15
MT263458,USA: WA,2020-03-15
MT263459,USA: WA,2020-03-24
MT263462,USA: WA,2020-03-23
MT263463,USA: CT,2020-03-16
MT263464,USA: WA,2020-03-16
MT263465,USA: WA,2020-03-16
MT263467,USA: WA,2020-03-16
MT263468,USA: WA,2020-03-17
MT263469,USA: WA,2020-03-15
MT256924,Colombia: Antioquia,2020-03-11
MT258377,"USA: San Francisco, CA",2020-03-18
MT258378,"USA: San Francisco, CA",2020-03-18
MT258379,"USA: San Francisco, CA",2020-03-18
MT258380,"USA: San Francisco, CA",2020-03-18
MT258381,"USA: San Francisco, CA",2020-03-18
MT258382,"USA: San Francisco, CA",2020-03-18
MT258383,"USA: San Francisco, CA",2020-03-18
MT259226,"China: Hubei, Wuhan",2020-01-10
MT259227,"China: Hubei, Wuhan",2020-01-26
MT259228,"China: Hubei, Wuhan",2020-01-26
MT259229,"China: Hubei, Wuhan",2020-01-26
MT259230,"China: Hubei, Wuhan",2020-01-25
MT259231,"China: Hubei, Wuhan",2020-01-25
MT259235,USA: WA,2020-03-13
MT259236,USA: WA,2020-03-16
MT259237,USA: WA,2020-03-16
MT259239,USA: WA,2020-03-16
MT259241,USA: WA,2020-03-16
MT259243,USA: WA,2020-03-13
MT259244,USA: WA,2020-03-16
MT259245,USA: WA,2020-03-15
MT259246,USA: WA,2020-03-13
MT259247,USA: WA,2020-03-16
MT259248,USA: CT,2020-03-14
MT259249,USA: WA,2020-03-13
MT259250,USA: WA,2020-03-14
MT259251,USA: WA,2020-03-14
MT259252,USA: WA,2020-03-14
MT259253,USA: WA,2020-03-16
MT259254,USA: WA,2020-03-16
MT259256,USA: WA,2020-03-13
MT259257,USA: WA,2020-03-16
MT259258,USA: MN,2020-03-13
MT259260,USA: WA,2020-03-16
MT259261,USA: WA,2020-03-16
MT259263,USA: WA,2020-03-13
MT259264,USA: WA,2020-03-13
MT259266,USA: WA,2020-03-13
MT259267,USA: WA,2020-03-14
MT259268,USA: WA,2020-03-13
MT259269,USA: WA,2020-03-14
MT259271,USA: WA,2020-03-15
MT259273,USA: WA,2020-03-15
MT259274,USA: WA,2020-03-14
MT259275,USA: WA,2020-03-14
MT259277,USA: WA,2020-03-15
MT259278,USA: WA,2020-03-15
MT259280,USA: WA,2020-03-15
MT259281,USA: WA,2020-03-15
MT259282,USA: WA,2020-03-15
MT259284,USA: WA,2020-03-15
MT259285,USA: WA,2020-03-15
MT259286,USA: WA,2020-03-15
MT259287,USA: WA,2020-03-15
MT251972,USA: WA,2020-03-14
MT251973,USA: WA,2020-03-14
MT251974,USA: CT,2020-03-12
MT251975,USA: WA,2020-03-14
MT251976,USA: WA,2020-03-14
MT251977,USA: WA,2020-03-14
MT251978,USA: WA,2020-03-14
MT251979,USA: WA,2020-03-14
MT251980,USA: WA,2020-03-13
MT253696,"China: Zhejiang, Hangzhou",2020-01-23
MT253697,"China: Zhejiang, Hangzhou",2020-01-23
MT253698,"China: Zhejiang, Hangzhou",2020-01-23
MT253699,"China: Zhejiang, Hangzhou",2020-01-24
MT253700,"China: Zhejiang, Hangzhou",2020-01-25
MT253701,"China: Zhejiang, Hangzhou",2020-01-21
MT253702,"China: Zhejiang, Hangzhou",2020-01-21
MT253703,"China: Zhejiang, Hangzhou",2020-01-25
MT253704,"China: Zhejiang, Hangzhou",2020-01-25
MT253705,"China: Zhejiang, Hangzhou",2020-01-22
MT253706,"China: Zhejiang, Hangzhou",2020-01-22
MT253707,"China: Zhejiang, Hangzhou",2020-01-25
MT253708,"China: Zhejiang, Hangzhou",2020-01-21
MT253709,"China: Zhejiang, Hangzhou",2020-01-21
MT253710,"China: Zhejiang, Hangzhou",2020-01-21
MT233526,USA: WA,2020-01-19
MT246449,USA: WA,2020-03-13
MT246450,USA: WA,2020-03-13
MT246451,USA: WA,2020-03-13
MT246452,USA: WA,2020-03-13
MT246453,USA: WA,2020-03-13
MT246454,USA: WA,2020-03-12
MT246455,USA: WA,2020-03-12
MT246456,USA: WA,2020-03-13
MT246457,USA: WA,2020-03-12
MT246458,USA: WA,2020-03-12
MT246459,USA: WA,2020-03-12
MT246460,USA: WA,2020-03-12
MT246461,USA: WA,2020-03-13
MT246462,USA: WA,2020-03-13
MT246464,USA: WA,2020-03-13
MT246466,USA: WA,2020-03-13
MT246467,USA: WA,2020-03-14
MT246468,USA: WA,2020-03-14
MT246469,USA: WA,2020-03-14
MT246470,USA: WA,2020-03-13
MT246471,USA: WA,2020-03-14
MT246472,USA: WA,2020-03-12
MT246473,USA: WA,2020-03-14
MT246474,USA: WA,2020-03-14
MT246475,USA: WA,2020-03-13
MT246476,USA: WA,2020-03-13
MT246477,USA: WA,2020-03-14
MT246478,USA: WA,2020-03-14
MT246479,USA: WA,2020-03-13
MT246480,USA: WA,2020-03-13
MT246481,USA: WA,2020-03-13
MT246482,USA: WA,2020-03-15
MT246484,USA: WA,2020-03-15
MT246485,USA: WA,2020-03-15
MT246486,USA: WA,2020-03-14
MT246487,USA: WA,2020-03-15
MT246488,USA: WA,2020-03-14
MT246489,USA: WA,2020-03-14
MT246490,USA: WA,2020-03-15
MT246667,USA: WA,2020-01-19
MT240479,Pakistan: Gilgit,2020-03-04
MT233519,Spain: Valencia,2020-02-27
MT233522,Spain: Valencia,2020-03-02
MT233523,Spain: Valencia,2020-03-04
MT226610,China,2020-01-20
MT198652,Spain: Valencia,2020-03-05
MT192759,Taiwan,2020-01-25
MT192765,"USA: CA, San Diego County",2020-03-11
MT192772,Viet Nam: Ho Chi Minh city,2020-01-22
MT192773,Viet Nam: Ho Chi Minh city,2020-01-22
MT188339,USA: MN,2020-03-09
MT188340,USA: MN,2020-03-07
MT188341,USA: MN,2020-03-05
MT184907,USA,2020-02-18
MT184908,USA,2020-02-21
MT184909,USA,2020-02-21
MT184910,USA,2020-02-18
MT184911,USA,2020-02-17
MT184912,USA,2020-02-17
MT184913,USA,2020-02-24
MT163716,USA: WA,2020-02-27
MT163717,USA: WA,2020-02-28
MT163718,USA: WA,2020-02-29
MT163719,USA: WA,2020-03-01
MT066156,Italy,2020-01-30
MT121215,China: Shanghai,2020-02-02
MT159705,USA,2020-02-17
MT159706,USA,2020-02-17
MT159707,USA,2020-02-17
MT159708,USA,2020-02-17
MT159709,USA,2020-02-20
MT159710,USA,2020-02-17
MT159711,USA,2020-02-20
MT159712,USA,2020-02-25
MT159713,USA,2020-02-18
MT159714,USA,2020-02-18
MT159715,USA,2020-02-24
MT159716,USA,2020-02-24
MT159717,USA,2020-02-17
MT159718,USA,2020-02-18
MT159719,USA,2020-02-18
MT159720,USA,2020-02-21
MT159721,USA,2020-02-21
MT159722,USA,2020-02-21
MT012098,India: Kerala State,2020-01-27
MT050493,India: Kerala State,2020-01-31
MT152824,"USA: Snohomish County, WA",2020-02-24
MT135041,China: Beijing,2020-01-26
MT135042,China: Beijing,2020-01-28
MT135043,China: Beijing,2020-01-28
MT135044,China: Beijing,2020-01-28
MT126808,Brazil,2020-02-28
MT123290,"China: Guangdong, Guangzhou",2020-02-05
MT123291,China: Guangzhou,2020-01-29
MT123292,China: Guangzhou,2020-01-27
MT123293,China: Guangzhou,2020-01-29
MT118835,USA: CA,2020-02-23
MT106052,USA: CA,2020-02-06
MT106053,USA: CA,2020-02-10
MT106054,USA: TX,2020-02-11
MT093571,Sweden,2020-02-07
MT093631,China,2020-01-08
MT072688,Nepal,2020-01-13
MT066175,Taiwan,2020-01-31
MT066176,Taiwan,2020-02-05
MT044257,USA: IL,2020-01-28
MT044258,USA: CA,2020-01-27
MT049951,China: Yunnan,2020-01-17
MT039873,China: Hangzhou,2020-01-20
MT039887,USA: WI,2020-01-31
MT039888,USA: MA,2020-01-29
MT039890,South Korea,2020-01
MT027062,USA: CA,2020-01-29
MT027063,USA: CA,2020-01-29
MT027064,USA: CA,2020-01-29
MT019529,"China: Hubei, Wuhan",2019-12-23
MT019530,"China: Hubei, Wuhan",2019-12-30
MT019531,"China: Hubei, Wuhan",2019-12-30
MT019532,"China: Hubei, Wuhan",2019-12-30
MT019533,"China: Hubei, Wuhan",2020-01-01
MT020880,USA: WA,2020-01-25
MT020881,USA: WA,2020-01-25
MT007544,Australia: Victoria,2020-01-25
MN996527,China: Wuhan,2019-12-30
MN996528,China: Wuhan,2019-12-30
MN996529,China: Wuhan,2019-12-30
MN996530,China: Wuhan,2019-12-30
MN996531,China: Wuhan,2019-12-30
MN988668,China,2020-01-02
MN988669,China,2020-01-02
MN994467,USA: CA,2020-01-23
MN994468,USA: CA,2020-01-22
MN997409,USA: AZ,2020-01-22
MN988713,USA: Illinois,2020-01-21
MN938384,China: Shenzhen,2020-01-10
MN975262,China,2020-01-11
MN985325,USA,2020-01-19
MN908947,China,2019-12
